"pagename","projectcode","year","month","day","bytes","pageviews","day_rank"
"",ja,2010,01,05,1302826394,3028900,1
"",ru,2010,01,05,583570665,478681,2
special search,en,2010,01,05,824225032,463483,3
main page,en,2010,01,05,3623107545,398494,4
"",zh,2010,01,05,9366916,200603,5
404 error,en,2010,01,05,183609126,149552,6
special random,en,2010,01,05,28976565,95089,7
"",ko,2010,01,05,29094363,76053,8
wikipedia hauptseite,de,2010,01,05,883444995,73997,9
"",th,2010,01,05,26195987,69230,10
"",ar,2010,01,05,47512921,63261,11
"",he,2010,01,05,40561042,60415,12
category,ja,2010,01,05,3153216,54970,13
pagina principale,it,2010,01,05,2027287404,52912,14
export,ja,2010,01,05,29103,40933,15
"",fa,2010,01,05,17042304,32361,16
wikipedia portada,es,2010,01,05,372949076,31781,17
spezial search,de,2010,01,05,251462299,31385,18
"",bg,2010,01,05,14621789,30227,19
special search,de,2010,01,05,153376089,30184,20
wikip dia accueil principal,fr,2010,01,05,411311828,30159,21
hauptseite,de,2010,01,05,341571093,25730,22
"",uk,2010,01,05,17562306,22808,23
spezial zuf llige seite,de,2010,01,05,9633559,22668,24
burj khalifa,en,2010,01,05,555463601,21318,25
"",el,2010,01,05,9507185,20351,26
strona g  wna,pl,2010,01,05,421541760,19088,27
avatar 2009 film,en,2010,01,05,569401482,16966,28
search,en,2010,01,05,5207906,15170,29
spezial suche,de,2010,01,05,31094109,13844,30
"",bg.d,2010,01,05,177264,12557,31
search,ja,2010,01,05,7160295,12490,32
burj dubai,en,2010,01,05,335745452,12247,33
special search,es,2010,01,05,37928814,11558,34
"",sr,2010,01,05,6184538,11554,35
hoofdpagina,nl,2010,01,05,286503363,11391,36
"",en,2010,01,05,3486540,11390,37
isaac newton,en,2010,01,05,670743518,11111,38
index html,en,2010,01,05,83083616,10910,39
special export,ja,2010,01,05,1649287,10445,40
jeff hardy,en,2010,01,05,516278885,10124,41
"",en.d,2010,01,05,300517,9915,42
list of tallest buildings and structures in the world,en,2010,01,05,165918391,9875,43
2,ja,2010,01,05,8242563,9856,44
p gina principal,pt,2010,01,05,113055706,9722,45
casey johnson,en,2010,01,05,49363221,9496,46
special search,fr,2010,01,05,45203613,9190,47
wikipedia,ja,2010,01,05,21468246,8828,48
wiki,en,2010,01,05,128870520,8801,49
accueil,fr,2010,01,05,117932412,8473,50
dalva de oliveira,pt,2010,01,05,79407893,8110,51
the secret life of the american teenager,en,2010,01,05,164826262,7659,52
script kiddie,en,2010,01,05,118378769,7613,53
whatlinkshere,ru,2010,01,05,315753,7284,54
recentchangeslinked,ru,2010,01,05,248805,7130,55
hlavn  strana,cs,2010,01,05,133007252,7101,56
category,zh,2010,01,05,1444358,7056,57
special watchlist,en,2010,01,05,154608516,6820,58
lady gaga,en,2010,01,05,140924060,6722,59
sandro de am rica,es,2010,01,05,181442325,6570,60
portal huvudsida,sv,2010,01,05,73164548,6550,61
search,ru,2010,01,05,22186579,6450,62
3,ja,2010,01,05,28910398,6445,63
file burjdubaiheight svg,en,2010,01,05,32915110,6360,64
special search,ru,2010,01,05,23544955,6093,65
avatar,en,2010,01,05,109919137,6067,66
one piece,ja,2010,01,05,55354789,6016,67
wikipedia,zh,2010,01,05,67719432,5994,68
"",he.s,2010,01,05,1820345,5968,69
speciale ricerca,it,2010,01,05,17750544,5713,70
hovedside,no,2010,01,05,77434146,5670,71
tila tequila,en,2010,01,05,104554399,5587,72
burdsch chalifa,de,2010,01,05,159794954,5449,73
"",ru.d,2010,01,05,1501710,5370,74
herivelto martins,pt,2010,01,05,65229968,5337,75
"",hi,2010,01,05,3223640,5280,76
"",ka,2010,01,05,3675931,5277,77
texas christian university,en,2010,01,05,138042929,5119,78
"",ja.d,2010,01,05,1619847,4898,79
special search,ja,2010,01,05,11112533,4856,80
"",mk,2010,01,05,1398000,4775,81
brazilian battleship minas geraes,en,2010,01,05,79511301,4672,82
john cena,en,2010,01,05,414179289,4661,83
kesha singer,en,2010,01,05,54901553,4629,84
dubai,en,2010,01,05,165894097,4612,85
heroes tv series,en,2010,01,05,238553324,4584,86
special search,zh,2010,01,05,22192462,4540,87
wikipedia etusivu,fi,2010,01,05,45748234,4536,88
http 404,en,2010,01,05,18804942,4510,89
list of highest grossing films,en,2010,01,05,110786092,4365,90
special search,it,2010,01,05,20865458,4345,91
"",mr,2010,01,05,1451520,4332,92
deaths in 2010,en,2010,01,05,26133572,4123,93
justin bieber,en,2010,01,05,44788287,4118,94
isaac newton,es,2010,01,05,109529111,4071,95
special search,nl,2010,01,05,22460139,4014,96
bret hart,en,2010,01,05,151225141,3947,97
file burj dubai dubai3214 jpg,en,2010,01,05,25102300,3883,98
1,ja,2010,01,05,3160201,3855,99
portal,ja,2010,01,05,91209271,3836,100
how i met your mother,en,2010,01,05,52169960,3827,101
av,ja,2010,01,05,107710058,3803,102
ana sayfa,tr,2010,01,05,62457618,3763,103
nhk,ja,2010,01,05,17585762,3746,104
special,zh,2010,01,05,1493626,3733,105
4,ja,2010,01,05,3727815,3567,106
selita ebanks,en,2010,01,05,66722176,3529,107
file burj khalifaz jpg,en,2010,01,05,14986568,3456,108
"",ta,2010,01,05,2098037,3398,109
special recherche,fr,2010,01,05,7658731,3375,110
facebook,en,2010,01,05,135540730,3344,111
mod lisation cin matique des m canismes,fr,2010,01,05,1372616,3337,112
special export man or astro man,en,2010,01,05,8302776,3325,113
akb48,ja,2010,01,05,102453315,3321,114
yemen,en,2010,01,05,102843368,3269,115
youtube,en,2010,01,05,95202639,3249,116
nieder sterreich,de,2010,01,05,1807669,3244,117
special autologin,en.b,2010,01,05,8915565,3235,118
special autologin,meta.m,2010,01,05,3116873,3232,119
special autologin,en.n,2010,01,05,3987915,3224,120
special autologin,en.d,2010,01,05,5114016,3223,121
special autologin,en.s,2010,01,05,3780150,3198,122
file burj dubai 20090916 jpg,en,2010,01,05,24469940,3193,123
special autologin,en.q,2010,01,05,3558304,3191,124
special autologin,www.w,2010,01,05,3552177,3185,125
bobby lashley,en,2010,01,05,105580554,3184,126
special autologin,en.v,2010,01,05,2705062,3180,127
julie benz,en,2010,01,05,44627723,3173,128
special autologin,species.m,2010,01,05,3762102,3162,129
ric flair,en,2010,01,05,164280763,3161,130
special autologin,commons.m,2010,01,05,3512954,3141,131
sp cial page au hasard,fr,2010,01,05,1654497,3132,132
wiktionary main page,en.d,2010,01,05,56438047,3124,133
"",zh-yue,2010,01,05,2537390,3112,134
list of heroes episodes,en,2010,01,05,78768123,3110,135
james cameron,en,2010,01,05,66181888,3103,136
media johann sebastian bach  aria variata bwv 989  part 2  variations 6 9 ogg,en,2010,01,05,108107133,3100,137
lost tv series,en,2010,01,05,129249591,3094,138
liste der h chsten bauwerke der welt,de,2010,01,05,84137192,3073,139
paranormal activity film,en,2010,01,05,46038759,3068,140
michael mcdonald singer,en,2010,01,05,64994678,3063,141
united states,en,2010,01,05,228383854,3011,142
google,en,2010,01,05,146963359,2949,143
twitter,ja,2010,01,05,52555115,2919,144
the league of extraordinary gentlemen film,en,2010,01,05,41929362,2911,145
hulk hogan,en,2010,01,05,159033962,2895,146
special geolite,meta.m,2010,01,05,1406129,2852,147
kezd lap,hu,2010,01,05,61547074,2847,148
sherlock holmes,en,2010,01,05,68374466,2841,149
total nonstop action wrestling,en,2010,01,05,73577595,2835,150
glee tv series,en,2010,01,05,75452785,2789,151
whatlinkshere,uk,2010,01,05,258115,2779,152
main page,commons.m,2010,01,05,31602954,2749,153
zoe salda a,en,2010,01,05,19529049,2702,154
halaman utama,id,2010,01,05,25004451,2688,155
ernie davis,en,2010,01,05,56210218,2687,156
2010 in film,en,2010,01,05,72204252,2683,157
taipei 101,en,2010,01,05,46499382,2628,158
spezial beobachtungsliste,de,2010,01,05,69974441,2598,159
sherlock holmes 2009 film,en,2010,01,05,46534891,2592,160
portal current events,en,2010,01,05,63617082,2590,161
united arab emirates,en,2010,01,05,129709943,2559,162
doctor who,en,2010,01,05,98565572,2552,163
the hangover film,en,2010,01,05,34756405,2539,164
lil wayne,en,2010,01,05,59390074,2520,165
list of how i met your mother episodes,en,2010,01,05,38183581,2499,166
wikipedia,en,2010,01,05,136900542,2496,167
recentchangeslinked,uk,2010,01,05,132638,2490,168
list of house episodes,en,2010,01,05,63192471,2469,169
sex,en,2010,01,05,36358419,2463,170
tigerpython,de,2010,01,05,147858097,2451,171
the lovely bones,en,2010,01,05,33704859,2437,172
sam worthington,en,2010,01,05,14752560,2418,173
house tv series,en,2010,01,05,126437651,2410,174
"",te,2010,01,05,1320271,2410,174
specjalna szukaj,pl,2010,01,05,6185426,2407,175
family guy,en,2010,01,05,71977604,2407,175
michael jackson,en,2010,01,05,116860393,2407,175
the bachelor tv series,en,2010,01,05,26722584,2379,176
miley cyrus,en,2010,01,05,56530593,2365,177
brittany murphy,en,2010,01,05,27067522,2364,178
warren beatty,en,2010,01,05,37582502,2345,179
"",ml,2010,01,05,2605975,2341,180
3 idiots,en,2010,01,05,34789425,2320,181
boise state university,en,2010,01,05,56469317,2307,182
2010,ja,2010,01,05,19532248,2290,183
w index php,ru,2010,01,05,174574402,2285,184
fiesta bowl,en,2010,01,05,57507221,2267,185
burj dubai,de,2010,01,05,54479031,2267,185
toiminnot satunnainen sivu,fi,2010,01,05,1146239,2262,186
scott hall,en,2010,01,05,93240738,2233,187
"",el.d,2010,01,05,712957,2219,188
5,ja,2010,01,05,5065870,2210,189
burj dubai,es,2010,01,05,23037496,2205,190
woody johnson,en,2010,01,05,23081408,2202,191
matt kemp,en,2010,01,05,27618820,2202,191
the rev,en,2010,01,05,17021107,2201,192
dexter tv series,en,2010,01,05,68828801,2191,193
5 januar,de,2010,01,05,117344111,2171,194
list of total nonstop action wrestling employees,en,2010,01,05,34608636,2169,195
1  5,ja,2010,01,05,44164722,2162,196
"",ru.s,2010,01,05,699707,2156,197
the lovely bones film,en,2010,01,05,54332965,2142,198
drake entertainer,en,2010,01,05,26727236,2139,199
alfred dreyfus,de,2010,01,05,43322339,2124,200
"",ja,2010,01,16,757021687,1919989,1
"",ru,2010,01,16,558320817,682841,2
special search,en,2010,01,16,1118826413,529070,3
main page,en,2010,01,16,3766023132,429399,4
special random,en,2010,01,16,52615449,174382,5
404 error,en,2010,01,16,235334354,171277,6
"",zh,2010,01,16,32930273,129199,7
"",ar,2010,01,16,45892616,89981,8
"",he,2010,01,16,38576086,75077,9
"",th,2010,01,16,20185085,63339,10
wikipedia hauptseite,de,2010,01,16,489771839,62646,11
export,ja,2010,01,16,35544,54197,12
pagina principale,it,2010,01,16,1778481674,51751,13
"",ko,2010,01,16,24527485,48382,14
haiti,en,2010,01,16,1274712490,45688,15
special export washington d c,en,2010,01,16,71301737,45564,16
wikipedia portada,es,2010,01,16,461410789,39405,17
category,ja,2010,01,16,2830089,38031,18
"",fa,2010,01,16,94863630,37230,19
"",uk,2010,01,16,13312064,34063,20
"",bg,2010,01,16,8906731,32503,21
special export 122 tr  n   nh xu,vi,2010,01,16,19885860,32158,22
search,en,2010,01,16,11594173,27217,23
wikip dia accueil principal,fr,2010,01,16,308357978,26873,24
spezial search,de,2010,01,16,174465049,26830,25
special search,de,2010,01,16,134584702,25834,26
"",el,2010,01,16,8812187,25328,27
search,ja,2010,01,16,14140501,24988,28
special export same,en,2010,01,16,28206592,23630,29
strona g  wna,pl,2010,01,16,236620175,20735,30
spezial suche,de,2010,01,16,52320766,20066,31
"",sr,2010,01,16,12467639,17470,32
special search,es,2010,01,16,61715703,16563,33
spezial zuf llige seite,de,2010,01,16,9377312,16473,34
avatar 2009 film,en,2010,01,16,545484471,15901,35
hauptseite,de,2010,01,16,114339889,15740,36
2010 haiti earthquake,en,2010,01,16,374438269,15041,37
hait,es,2010,01,16,207696411,14310,38
special export,ja,2010,01,16,1978177,12662,39
"",en,2010,01,16,8186301,12551,40
p gina principal,pt,2010,01,16,131334449,12345,41
index html,en,2010,01,16,82699135,11298,42
special search,fr,2010,01,16,62016122,10393,43
lady gaga,en,2010,01,16,172828467,10071,44
"",en.d,2010,01,16,203217,10029,45
special search,ru,2010,01,16,26198441,9858,46
search,ru,2010,01,16,28483801,9407,47
wiki,en,2010,01,16,124805118,9198,48
kurt warner,en,2010,01,16,436609121,9162,49
hoofdpagina,nl,2010,01,16,115506807,8904,50
the book of eli,en,2010,01,16,60239321,8866,51
whatlinkshere,ru,2010,01,16,365021,8750,52
script kiddie,en,2010,01,16,151834337,8698,53
special watchlist,en,2010,01,16,160998300,8598,54
terremoto de hait  de 2010,es,2010,01,16,193267777,8382,55
accueil,fr,2010,01,16,72228623,8292,56
portal huvudsida,sv,2010,01,16,87189308,7982,57
sp cial page au hasard,fr,2010,01,16,3572519,7798,58
conan o brien,en,2010,01,16,183237564,7662,59
http 404,en,2010,01,16,56442893,7122,60
gary lineker,en,2010,01,16,248860742,7014,61
"",hi,2010,01,16,2245951,6809,62
"",ru.d,2010,01,16,1835012,6773,63
solar eclipse of january 15 2010,en,2010,01,16,89366563,6638,64
2,ja,2010,01,16,6070016,6618,65
youtube,en,2010,01,16,212749896,6485,66
jersey shore tv series,en,2010,01,16,125449150,6443,67
special search,it,2010,01,16,36460930,6272,68
philippe bouvard,fr,2010,01,16,71713415,6218,69
lady sovereign,en,2010,01,16,114983587,6179,70
"",mk,2010,01,16,1228547,6116,71
specjalna szukaj,pl,2010,01,16,18380485,6060,72
kirsty gallacher,en,2010,01,16,60058316,6055,73
recentchangeslinked,ru,2010,01,16,266334,6048,74
ana sayfa,tr,2010,01,16,74442500,5994,75
"",bg.d,2010,01,16,107816,5985,76
ha ti,fr,2010,01,16,151170809,5886,77
hlavn  strana,cs,2010,01,16,75618358,5865,78
"",ka,2010,01,16,3112539,5806,79
speciale ricerca,it,2010,01,16,16734832,5595,80
special export,de,2010,01,16,8519973,5595,80
"",he.s,2010,01,16,351517,5572,81
sp cial pages li es,fr.d,2010,01,16,22693,5484,82
kesha singer,en,2010,01,16,62474051,5456,83
wikipedia,ja,2010,01,16,14577832,5342,84
"",mr,2010,01,16,798545,5212,85
port au prince,en,2010,01,16,53604133,5048,86
danielle lineker,en,2010,01,16,44373821,4998,87
wikipedia etusivu,fi,2010,01,16,40051485,4997,88
deaths in 2010,en,2010,01,16,78685483,4991,89
special recherche,fr,2010,01,16,11294255,4614,90
jeff bridges,en,2010,01,16,66415942,4596,91
haiti,de,2010,01,16,126519522,4583,92
the lovely bones,en,2010,01,16,40391676,4546,93
"",te,2010,01,16,1112778,4540,94
mary lynn rajskub,en,2010,01,16,46530624,4426,95
dominican republic,en,2010,01,16,180210127,4390,96
category,zh,2010,01,16,1267444,4308,97
the lovely bones film,en,2010,01,16,71516319,4160,98
"",ta,2010,01,16,1723449,4000,99
jeremy shockey,en,2010,01,16,98940218,3972,100
glee tv series,en,2010,01,16,91339772,3955,101
3,ja,2010,01,16,22703431,3909,102
sex,en,2010,01,16,50952927,3899,103
wikipedia,zh,2010,01,16,36744705,3898,104
martin luther king jr,en,2010,01,16,211951167,3811,105
recentchangeslinked,hi,2010,01,16,34967,3808,106
avatar,en,2010,01,16,70290485,3787,107
special recentchangeslinked,en.d,2010,01,16,20630,3723,108
justin bieber,en,2010,01,16,53637638,3697,109
facebook,en,2010,01,16,175875013,3671,110
jay leno,en,2010,01,16,45520941,3635,111
haiti,pl,2010,01,16,69006486,3632,112
united states,en,2010,01,16,287791571,3610,113
dollhouse tv series,en,2010,01,16,71454286,3537,114
special autologin,meta.m,2010,01,16,3715585,3537,114
special autologin,en.q,2010,01,16,4171638,3506,115
special autologin,www.w,2010,01,16,4200020,3501,116
special autologin,en.s,2010,01,16,4417328,3485,117
special autologin,en.d,2010,01,16,6019037,3485,117
special autologin,en.b,2010,01,16,10501089,3482,118
special autologin,en.n,2010,01,16,4623360,3464,119
special autologin,en.v,2010,01,16,3176987,3462,120
special autologin,species.m,2010,01,16,4476992,3456,121
special whatlinkshere,en.d,2010,01,16,24033,3453,122
"",ja.d,2010,01,16,594091,3445,123
index html,www,2010,01,16,1843969,3440,124
special autologin,commons.m,2010,01,16,4155826,3428,125
portal forside,no,2010,01,16,26725864,3425,126
lil wayne,en,2010,01,16,62024096,3378,127
"",ru.q,2010,01,16,1817390,3337,128
one piece,ja,2010,01,16,36394459,3281,129
selena gomez,en,2010,01,16,60538720,3233,130
james cameron,en,2010,01,16,50672470,3228,131
"",be-x-old,2010,01,16,414510,3221,132
drew brees,en,2010,01,16,159560860,3217,133
teddy pendergrass,en,2010,01,16,23882220,3202,134
dwayne johnson,en,2010,01,16,129325809,3188,135
2004 indian ocean earthquake,en,2010,01,16,75321634,3070,136
special search,ja,2010,01,16,9027816,3063,137
dakota fanning,en,2010,01,16,34313099,3063,137
the hurt locker,en,2010,01,16,44472619,3061,138
"",kk,2010,01,16,1108582,3030,139
earthquake,en,2010,01,16,56943929,3028,140
inglourious basterds,en,2010,01,16,53505263,3005,141
miley cyrus,en,2010,01,16,66599099,3003,142
celebrity big brother 2010 uk,en,2010,01,16,38905749,2983,143
haiti,pt,2010,01,16,59688427,2982,144
recentchangeslinked,new,2010,01,16,26068,2978,145
whatlinkshere,new,2010,01,16,15623,2975,146
recentchangeslinked,uk,2010,01,16,59077,2972,147
portal current events,en,2010,01,16,84398563,2958,148
sp cial whatlinkshere,fr.d,2010,01,16,741,2940,149
"",zh-yue,2010,01,16,1114471,2931,150
ivana trump,en,2010,01,16,34673459,2915,151
history of haiti,en,2010,01,16,58550122,2905,152
"",bn,2010,01,16,1327395,2868,153
stephen baldwin,en,2010,01,16,36743795,2830,154
lost tv series,en,2010,01,16,107167815,2806,155
spezial beobachtungsliste,de,2010,01,16,83862883,2793,156
who dat,en,2010,01,16,38415206,2790,157
9,ru,2010,01,16,29215519,2784,158
john dillinger,en,2010,01,16,44857259,2749,159
list of highest grossing films,en,2010,01,16,48369048,2734,160
"",ru.s,2010,01,16,1131187,2720,161
whatlinkshere,uk,2010,01,16,52297,2702,162
michael jackson,en,2010,01,16,133228989,2699,163
2010,ru,2010,01,16,6636317,2693,164
list of sex positions,en,2010,01,16,31439491,2684,165
wikipedia,en,2010,01,16,125913822,2660,166
zoe saldana,en,2010,01,16,16779396,2650,167
special search,nl,2010,01,16,9183319,2643,168
thierry le luron,fr,2010,01,16,27820269,2634,169
mila kunis,en,2010,01,16,28035404,2629,170
24 tv series,en,2010,01,16,57993421,2602,171
main page,commons.m,2010,01,16,30275264,2600,172
sherlock holmes 2009 film,en,2010,01,16,50905782,2599,173
1,ja,2010,01,16,1570022,2589,174
eminem,en,2010,01,16,71744722,2576,175
av,ja,2010,01,16,120847128,2560,176
pear,en,2010,01,16,128440788,2560,176
paranormal activity film,en,2010,01,16,28943310,2552,177
2010 in film,en,2010,01,16,48378439,2542,178
human penis size,en,2010,01,16,43636910,2540,179
india,en,2010,01,16,104593063,2520,180
denzel washington,en,2010,01,16,28218514,2519,181
special,zh,2010,01,16,7245381,2508,182
whatlinkshere,hi,2010,01,16,62220,2502,183
"",fr.d,2010,01,16,92747,2493,184
donald trump,en,2010,01,16,71585992,2485,185
schlag den raab,de,2010,01,16,68847983,2472,186
special randompage,en,2010,01,16,925065,2468,187
file haiti orthographic projection svg,en,2010,01,16,24620316,2442,188
paul sampson rugby player,en,2010,01,16,22329464,2436,189
"",cv,2010,01,16,486586,2435,190
reggie bush,en,2010,01,16,100387057,2426,191
"",el.d,2010,01,16,276405,2423,192
"",arz,2010,01,16,606910,2416,193
pie xii,fr,2010,01,16,101543547,2404,194
jarkov mammoth,en,2010,01,16,19543653,2387,195
sandra bullock,en,2010,01,16,27122569,2380,196
special search,zh,2010,01,16,7739639,2375,197
file haitian national palace earthquake jpg,en,2010,01,16,13566299,2374,198
"",ml,2010,01,16,953085,2363,199
stefan raab,de,2010,01,16,44416906,2359,200
new orleans saints,en,2010,01,16,86281447,2359,200
"",ja,2009,12,04,1195758001,1823719,1
"",ru,2009,12,04,627630706,795000,2
special search,en,2009,12,04,975160256,462285,3
main page,en,2009,12,04,3978688348,382601,4
404 error,en,2009,12,04,261621777,199181,5
special random,en,2009,12,04,51196682,162024,6
"",zh,2009,12,04,6367697,139451,7
wikipedia hauptseite,de,2009,12,04,794494504,97796,8
"",ar,2009,12,04,43003192,89171,9
"",he,2009,12,04,41189807,69030,10
pagina principale,it,2009,12,04,1821078805,60020,11
"",ko,2009,12,04,65741358,58642,12
"",th,2009,12,04,26954522,58151,13
accueil,fr,2009,12,04,351237437,46249,14
spezial search,de,2009,12,04,257929541,44437,15
"",bg,2009,12,04,20794334,42711,16
export,ja,2009,12,04,22046,38636,17
special search,de,2009,12,04,125454275,38488,18
"",uk,2009,12,04,20399373,37958,19
category,ja,2009,12,04,2625546,34505,20
wikipedia portada,es,2009,12,04,392421610,34187,21
"",fa,2009,12,04,10525352,32502,22
hauptseite,de,2009,12,04,319517569,31691,23
search,en,2009,12,04,13695957,29629,24
special geolite,meta.m,2009,12,04,12592385,29215,25
strona g  wna,pl,2009,12,04,298563460,27949,26
"",el,2009,12,04,10902929,26069,27
"",bg.d,2009,12,04,258319,20036,28
2010 fifa world cup,en,2009,12,04,893547412,19391,29
spezial suche,de,2009,12,04,42225579,18077,30
spezial zuf llige seite,de,2009,12,04,5947220,16762,31
"",sr,2009,12,04,9597103,12911,32
special search,ru,2009,12,04,38055219,12527,33
special export,ja,2009,12,04,1460606,12104,34
hoofdpagina,nl,2009,12,04,160882218,12052,35
special search,es,2009,12,04,49292878,11535,36
coupe du monde de football de 2010,fr,2009,12,04,430812264,11463,37
p gina principal,pt,2009,12,04,169410399,11070,38
portal huvudsida,sv,2009,12,04,127053249,10820,39
search,ru,2009,12,04,24859486,10717,40
special search,fr,2009,12,04,44483736,10532,41
"",en,2009,12,04,12105015,10402,42
emerald cockroach wasp,en,2009,12,04,112694287,9911,43
search,ja,2009,12,04,36127684,9558,44
"",ru.d,2009,12,04,1549988,8815,45
hlavn  strana,cs,2009,12,04,113224734,8696,46
tiger woods,en,2009,12,04,482430625,8682,47
script kiddie,en,2009,12,04,71398325,8667,48
wiki,en,2009,12,04,138816337,8515,49
"",en.d,2009,12,04,1140170,8377,50
"",he.s,2009,12,04,1039379,7946,51
wikipedia etusivu,fi,2009,12,04,47692085,7747,52
elin nordegren,en,2009,12,04,60228211,7659,53
blade runner,en,2009,12,04,282210352,7361,54
speciale ricerca,it,2009,12,04,15959591,7269,55
special watchlist,en,2009,12,04,152896548,7258,56
fu ball weltmeisterschaft 2010,de,2009,12,04,159575529,7229,57
the beatles,en,2009,12,04,1450483130,7000,58
lady gaga,en,2009,12,04,127164502,6880,59
whatlinkshere,ru,2009,12,04,343689,6676,60
hovedside,no,2009,12,04,56412062,6465,61
recentchangeslinked,ru,2009,12,04,396601,6439,62
2,ja,2009,12,04,6365651,6341,63
category,zh,2009,12,04,918248,6307,64
"",hi,2009,12,04,3435472,6287,65
fifa world cup,en,2009,12,04,248417199,5981,66
"",ka,2009,12,04,3944776,5901,67
ana sayfa,tr,2009,12,04,51925568,5676,68
specjalna szukaj,pl,2009,12,04,12762741,5565,69
wikipedia,ja,2009,12,04,23142053,5456,70
frank zappa,de,2009,12,04,403429305,5350,71
recentchangeslinked,uk,2009,12,04,254514,5347,72
special search,it,2009,12,04,25185626,5305,73
one piece,ja,2009,12,04,69417520,5096,74
murder of meredith kercher,en,2009,12,04,118321720,5087,75
"",te,2009,12,04,899119,4987,76
"",mk,2009,12,04,2404921,4980,77
youtube,en,2009,12,04,164819574,4910,78
charlize theron,en,2009,12,04,129983815,4843,79
http 404,en,2009,12,04,56497829,4729,80
index html,en,2009,12,04,49300453,4723,81
wikipedia,zh,2009,12,04,54125674,4536,82
"",ru.s,2009,12,04,2737097,4375,83
glee tv series,en,2009,12,04,90680658,4327,84
deaths in 2009,en,2009,12,04,132729566,4327,84
copa mundial de f tbol de 2010,es,2009,12,04,109280314,4286,85
special recherche,fr,2009,12,04,8625787,4266,86
"",mr,2009,12,04,2601771,4112,87
"",ja.d,2009,12,04,2696631,4098,88
"",ta,2009,12,04,1546848,4091,89
special export dieses produkt ist lagernd  on stock f r weitere produktansicht en klicken sie bitte auf das bild  lieferumfang  gba ram expansion erweiterungs pack verschiedene geh useteile farben zum wechseln f r nds und nds lite  verwendbar f r z b m3 ds real  m3i zero kartenaus aktuellem anlass 20 02 2009  wir  bernehmen keinerlei haftung f r den fall das diese karte nicht mit einer anderen als der vom hersteller freigegebenen karte m3 ds real m3i zero funktioniert  aktuelle meinungen 3 dieses produkt haben wir am montag 16 juni 2008 in unseren katalog aufgenommen,fr,2009,12,04,0,3991,90
searchform,ja,2009,12,04,25496687,3986,91
3,ja,2009,12,04,21532709,3984,92
desir e rogers,en,2009,12,04,90101226,3845,93
special search,nl,2009,12,04,8940234,3685,94
facebook,en,2009,12,04,139019910,3608,95
united states,en,2009,12,04,332086204,3584,96
special,zh,2009,12,04,1945686,3499,97
portal technik,de,2009,12,04,25012778,3397,98
spezial beobachtungsliste,de,2009,12,04,64803829,3395,99
scrubs tv series,en,2009,12,04,63612085,3370,100
the temptations,en,2009,12,04,59042255,3353,101
"",el.d,2009,12,04,462960,3329,102
ankara daki  niversiteler,tr,2009,12,04,25443200,3313,103
christmas,en,2009,12,04,128691616,3303,104
luftangriff auf heilbronn,de,2009,12,04,85226407,3297,105
special randompage,en,2009,12,04,1331402,3295,106
eddie fatu,en,2009,12,04,90488512,3289,107
special autologin,meta.m,2009,12,04,2741891,3236,108
michael bubl,en,2009,12,04,15117487,3201,109
special autologin,en.d,2009,12,04,4477513,3178,110
special autologin,species.m,2009,12,04,3392120,3174,111
special autologin,en.v,2009,12,04,2393441,3163,112
special autologin,en.s,2009,12,04,3319421,3157,113
special autologin,en.n,2009,12,04,3433785,3153,114
special autologin,en.b,2009,12,04,7838109,3149,115
special autologin,en.q,2009,12,04,3094298,3140,116
special autologin,www.w,2009,12,04,3007493,3128,117
"",zh-yue,2009,12,04,1752762,3126,118
leila lopes,pt,2009,12,04,23786857,3117,119
special autologin,commons.m,2009,12,04,3007871,3079,120
"",ru.q,2009,12,04,1757903,3009,121
lil wayne,en,2009,12,04,54905740,2963,122
main page,commons.m,2009,12,04,29236293,2957,123
pen lope cruz,en,2009,12,04,5106833,2928,124
sp cial page au hasard,fr,2009,12,04,1172792,2876,125
special search,ja,2009,12,04,8340342,2859,126
whatlinkshere,uk,2009,12,04,447914,2831,127
wikipedia,en,2009,12,04,155334079,2821,128
avatar 2009 film,en,2009,12,04,51208686,2782,129
steven seagal,en,2009,12,04,28776828,2746,130
special search,zh,2009,12,04,9811576,2713,131
"",ko.d,2009,12,04,328437,2692,132
special search,pl,2009,12,04,16695638,2654,133
new moon 2009 film,en,2009,12,04,53755309,2635,134
jos  jos,en,2009,12,04,617255,2605,135
2006 fifa world cup,en,2009,12,04,146807319,2597,136
manny pacquiao,en,2009,12,04,114128511,2592,137
kim kardashian,en,2009,12,04,24139405,2586,138
kezd lap,hu,2009,12,04,33348353,2552,139
pear,en,2009,12,04,111100779,2550,140
taylor swift,en,2009,12,04,56086178,2525,141
portal current events,en,2009,12,04,66698577,2511,142
d9 88 d8 b5 d9 84 d8 a7 d8 aa d8 ae d8 a7 d8 b1 d8 ac d9 8a d8 a9,ar,2009,12,04,1663000,2509,143
india,en,2009,12,04,124741041,2508,144
forside,da,2009,12,04,39842856,2501,145
paranormal activity film,en,2009,12,04,30863837,2500,146
"",ar.s,2009,12,04,1414016,2495,147
eminem,en,2009,12,04,75991153,2479,148
taylor lautner,en,2009,12,04,18018793,2474,149
4,ja,2009,12,04,4580038,2464,150
united states men s national soccer team,en,2009,12,04,141133442,2461,151
december 4,en,2009,12,04,48019579,2456,152
michael jackson,en,2009,12,04,156849014,2455,153
world cup 2010,en,2009,12,04,85967329,2447,154
sex,en,2009,12,04,34482960,2415,155
der knochenj ger,de,2009,12,04,19674597,2413,156
jay z,en,2009,12,04,69056526,2401,157
jpg,ru,2009,12,04,599017,2394,158
campionato mondiale di calcio 2010,it,2009,12,04,76342348,2380,159
2012 film,en,2009,12,04,31785846,2380,159
1,ja,2009,12,04,3088646,2376,160
4 dezember,de,2009,12,04,88144942,2355,161
south africa,en,2009,12,04,132991673,2337,162
portal,ja,2009,12,04,82678711,2323,163
"",ml,2009,12,04,3434390,2315,164
"",bn,2009,12,04,2238721,2282,165
miley cyrus,en,2009,12,04,60106170,2256,166
random,ru,2009,12,04,942087,2253,167
rachel uchitel,en,2009,12,04,13696948,2249,168
datei goya dog jpg,de,2009,12,04,38934879,2245,169
wiktionary main page,en.d,2009,12,04,20954064,2235,170
2009,ru,2009,12,04,20357477,2228,171
2,ru,2009,12,04,3243635,2218,172
copa do mundo fifa de 2010,pt,2009,12,04,56068770,2216,173
halaman utama,id,2009,12,04,29405868,2141,174
bulgaria,en,2009,12,04,218384075,2138,175
modern warfare 2,en,2009,12,04,60820452,2114,176
mediawiki,www.w,2009,12,04,22462239,2108,177
world war i,en,2009,12,04,165100297,2107,178
2012,en,2009,12,04,24038434,2085,179
the office u s tv series,en,2009,12,04,63138536,2063,180
world war ii,en,2009,12,04,165010242,2059,181
main page,pl,2009,12,04,69087065,2052,182
av,ja,2009,12,04,80676841,2041,183
hypertext transfer protocol,en,2009,12,04,21181770,2027,184
list of twilight characters,en,2009,12,04,35747885,2003,185
toiminnot satunnainen sivu,fi,2009,12,04,753043,2002,186
miasteczko twin peaks,pl,2009,12,04,903002,1997,187
th  tre de l od on,fr,2009,12,04,871138,1988,188
harry potter,pl,2009,12,04,46858525,1982,189
sexual intercourse,en,2009,12,04,34216445,1974,190
richard todd,en,2009,12,04,24286980,1936,191
2010 fifa world cup schedule,en,2009,12,04,23805156,1926,192
england national football team,en,2009,12,04,85222701,1926,192
"",be,2009,12,04,1419721,1918,193
saint nicholas,en,2009,12,04,39314389,1894,194
i,ru,2009,12,04,6047104,1893,195
"",fr.d,2009,12,04,366819,1883,196
group of death,en,2009,12,04,43714016,1870,197
special,zh.s,2009,12,04,115772,1868,198
united kingdom,en,2009,12,04,164537577,1862,199
"",zh.s,2009,12,04,1763761,1859,200
"",ja,2009,12,14,1157257321,2554737,1
"",ru,2009,12,14,667540709,605747,2
special search,en,2009,12,14,941981214,523269,3
main page,en,2009,12,14,3816283017,439068,4
404 error,en,2009,12,14,241320227,179054,5
"",zh,2009,12,14,8056504,165586,6
special random,en,2009,12,14,30785525,103762,7
wikipedia hauptseite,de,2009,12,14,1008077785,80733,8
"",th,2009,12,14,28381974,80368,9
"",ar,2009,12,14,55418685,76440,10
"",ko,2009,12,14,29758896,75810,11
"",he,2009,12,14,44467939,60950,12
special geolite,meta.m,2009,12,14,22037282,57473,13
pagina principale,it,2009,12,14,1970586668,56470,14
category,ja,2009,12,14,2360575,41741,15
spezial search,de,2009,12,14,360354702,40331,16
wikipedia portada,es,2009,12,14,399154069,38375,17
"",fa,2009,12,14,16802741,38005,18
special search,de,2009,12,14,186809485,35716,19
wikip dia accueil principal,fr,2009,12,14,388650164,31688,20
"",bg,2009,12,14,13922858,31375,21
export,ja,2009,12,14,31308,29227,22
"",el,2009,12,14,8886159,27236,23
hauptseite,de,2009,12,14,385783824,27177,24
"",uk,2009,12,14,22992081,26121,25
strona g  wna,pl,2009,12,14,376745387,19204,26
spezial zuf llige seite,de,2009,12,14,9797911,18449,27
special export 22222,ar,2009,12,14,10828114,17688,28
search,ja,2009,12,14,39694463,17504,29
spezial suche,de,2009,12,14,68477508,17246,30
search,en,2009,12,14,6966107,16916,31
"",bg.d,2009,12,14,261681,15548,32
special search,es,2009,12,14,41499927,14022,33
p gina principal,pt,2009,12,14,138437190,12328,34
"",sr,2009,12,14,10404083,11081,35
wiki,en,2009,12,14,180050738,11027,36
special search,fr,2009,12,14,53809951,10875,37
"",mk,2009,12,14,1942953,10852,38
hoofdpagina,nl,2009,12,14,243661984,10438,39
"",en,2009,12,14,2487843,10371,40
"",he.s,2009,12,14,2326167,10126,41
special export 746 718 55,ar,2009,12,14,6201224,10048,42
portal huvudsida,sv,2009,12,14,168611808,9908,43
special search,ru,2009,12,14,42469504,9785,44
accueil,fr,2009,12,14,120690562,9739,45
2,ja,2009,12,14,8393139,9346,46
one piece,ja,2009,12,14,81676157,9058,47
recentchangeslinked,uk,2009,12,14,125374,8971,48
wwe tlc,en,2009,12,14,122779127,8867,49
wwe tlc tables ladders  chairs,en,2009,12,14,106122062,8772,50
special export,ja,2009,12,14,1751921,8461,51
tiger woods,en,2009,12,14,489034598,8453,52
"",mr,2009,12,14,1268323,8444,53
"",en.d,2009,12,14,728388,8354,54
"",te,2009,12,14,1112343,8260,55
avatar 2009 film,en,2009,12,14,189083428,8233,56
lady gaga,en,2009,12,14,172435457,8048,57
wikipedia,ja,2009,12,14,36915908,7357,58
"",ka,2009,12,14,2968783,7349,59
search,ru,2009,12,14,27822164,7197,60
special watchlist,en,2009,12,14,153238452,7110,61
dexter tv series,en,2009,12,14,199896049,7050,62
"",hi,2009,12,14,2623687,6866,63
hlavn  strana,cs,2009,12,14,147742872,6840,64
eric bana,en,2009,12,14,96911851,6805,65
main page,commons.m,2009,12,14,62083062,6542,66
hovedside,no,2009,12,14,73981499,6501,67
speciale ricerca,it,2009,12,14,21816000,6342,68
category,zh,2009,12,14,1040653,5978,69
recentchangeslinked,hi,2009,12,14,138913,5852,70
sp cial page au hasard,fr,2009,12,14,2719554,5788,71
christmas,en,2009,12,14,246401620,5752,72
"",ja.d,2009,12,14,1151965,5738,73
image oca jpg,commons.m,2009,12,14,119332826,5714,74
special search,it,2009,12,14,32026831,5632,75
script kiddie,en,2009,12,14,49892554,5521,76
"",ru.s,2009,12,14,1257504,5454,77
3,ja,2009,12,14,24626037,5397,78
"",ru.d,2009,12,14,2454309,5288,79
michael oher,en,2009,12,14,68611438,5096,80
wikipedia etusivu,fi,2009,12,14,56427218,5063,81
wikipedia,zh,2009,12,14,44897547,4928,82
hanukkah,en,2009,12,14,147938084,4725,83
youtube,en,2009,12,14,130177820,4687,84
recentchangeslinked,bpy,2009,12,14,67479,4458,85
glee tv series,en,2009,12,14,118905744,4457,86
file story of doctor dolittle jpg,en,2009,12,14,35591117,4445,87
jin,ja,2009,12,14,98109040,4334,88
special search,nl,2009,12,14,20699862,4314,89
special search,ja,2009,12,14,8281168,4174,90
white christmas film,en,2009,12,14,64195273,4153,91
special recherche,fr,2009,12,14,9956339,4065,92
special search,zh,2009,12,14,10041901,4060,93
deaths in 2009,en,2009,12,14,56157304,4041,94
commons quality images subject sports,commons.m,2009,12,14,132040743,3973,95
whatlinkshere,uk,2009,12,14,140996,3955,96
peyton manning,en,2009,12,14,376149479,3954,97
elin nordegren,en,2009,12,14,28324447,3935,98
taylor lautner,en,2009,12,14,36789840,3896,99
ufc 107,en,2009,12,14,37986030,3893,100
"",ta,2009,12,14,2134510,3811,101
recentchangeslinked,ru.d,2009,12,14,122449,3756,102
michael bubl,en,2009,12,14,18948405,3730,103
special export sono umane situazioniquei momenti fra di noii distacchi ed i ritornida capirci niente poigia come vedisto pensando a te  si da un po,nl,2009,12,14,0,3683,104
archie manning,en,2009,12,14,68069437,3619,105
wei russland,de,2009,12,14,3349399,3590,106
"",zh-yue,2009,12,14,1962314,3548,107
united states,en,2009,12,14,310563025,3546,108
silvio berlusconi,en,2009,12,14,209462791,3486,109
facebook,en,2009,12,14,156916645,3469,110
"",el.d,2009,12,14,434668,3465,111
"",bn,2009,12,14,1554458,3440,112
portal technik,de,2009,12,14,28360093,3434,113
recentchangeslinked,new,2009,12,14,63178,3432,114
john dillinger,en,2009,12,14,76707013,3430,115
"",ar.s,2009,12,14,1313724,3384,116
the princess and the frog,en,2009,12,14,74626854,3358,117
"",ko.d,2009,12,14,113292,3351,118
"",ml,2009,12,14,4265831,3340,119
portal,ja,2009,12,14,103893037,3328,120
special autologin,meta.m,2009,12,14,3432136,3305,121
elecci n presidencial de chile 2009,es,2009,12,14,103350269,3304,122
special autologin,en.s,2009,12,14,4026927,3266,123
special autologin,en.b,2009,12,14,9452460,3265,124
special autologin,en.q,2009,12,14,3841409,3263,125
special autologin,en.d,2009,12,14,5481569,3259,126
special autologin,en.n,2009,12,14,4188684,3251,127
special autologin,species.m,2009,12,14,4123494,3243,128
special autologin,www.w,2009,12,14,3847942,3237,129
jumper film,de,2009,12,14,22396255,3233,130
specjalna szukaj,pl,2009,12,14,8237226,3232,131
special autologin,en.v,2009,12,14,2949237,3230,132
ricky gervais,en,2009,12,14,131004770,3222,133
danny kaye,en,2009,12,14,70320094,3221,134
pen lope cruz,en,2009,12,14,5566729,3199,135
4,ja,2009,12,14,4396457,3192,136
the x factor uk,en,2009,12,14,82748426,3191,137
special autologin,commons.m,2009,12,14,3808620,3175,138
index html,en,2009,12,14,51653821,3170,139
ana sayfa,tr,2009,12,14,58318583,3169,140
whatlinkshere,ru,2009,12,14,630198,3139,141
taylor swift,en,2009,12,14,93279018,3132,142
bing crosby,en,2009,12,14,95757731,3124,143
eli manning,en,2009,12,14,189036124,3115,144
julia child,en,2009,12,14,56548610,3113,145
michael jackson,en,2009,12,14,165838301,3111,146
1,ja,2009,12,14,7182588,3090,147
vera ellen,en,2009,12,14,28594485,3059,148
http 404,en,2009,12,14,26032975,3056,149
stadtbezirk,de,2009,12,14,25131743,3052,150
the cleveland show,en,2009,12,14,51322743,3049,151
pear,en,2009,12,14,120177304,3046,152
avatar,en,2009,12,14,36134713,3037,153
file mtredoubtedit1 jpg,en,2009,12,14,29000900,3035,154
recentchangeslinked,ru,2009,12,14,276934,3007,155
india,en,2009,12,14,181789325,3005,156
miley cyrus,en,2009,12,14,77864278,2944,157
philip thicknesse,de,2009,12,14,39703467,2868,158
lil wayne,en,2009,12,14,63990680,2845,159
family guy,en,2009,12,14,81440559,2822,160
portal current events,en,2009,12,14,73347437,2815,161
list of family guy episodes,en,2009,12,14,52202753,2814,162
spezial beobachtungsliste,de,2009,12,14,96744802,2814,162
paul samuelson,en,2009,12,14,63399021,2796,163
santa claus,en,2009,12,14,84344702,2789,164
andy williams,en,2009,12,14,63106464,2782,165
"",fr.d,2009,12,14,240893,2765,166
jos  jos,en,2009,12,14,703233,2756,167
random,ru,2009,12,14,1818915,2753,168
faith hill,en,2009,12,14,80870242,2753,168
catherine zeta jones,en,2009,12,14,51103277,2748,169
wikipedia,en,2009,12,14,200875610,2716,170
recentchangeslinked,ru.s,2009,12,14,117376,2709,171
fargo film,en,2009,12,14,62691363,2698,172
halaman utama,id,2009,12,14,26636421,2693,173
susan boyle,en,2009,12,14,75113029,2673,174
list of dexter episodes,en,2009,12,14,68234409,2616,175
ufc 108,en,2009,12,14,25765381,2603,176
sex,en,2009,12,14,34197901,2603,176
nhk,ja,2009,12,14,5482183,2602,177
export,ru,2009,12,14,34282748,2594,178
recentchangeslinked,te,2009,12,14,2029,2568,179
special search,pl,2009,12,14,34423945,2564,180
whatlinkshere,te,2009,12,14,1928,2563,181
x,ja,2009,12,14,17228568,2521,182
star trek film,en,2009,12,14,123197635,2508,183
wiktionary main page,en.d,2009,12,14,26315914,2494,184
forside,da,2009,12,14,45594477,2483,185
12  14,ja,2009,12,14,63282091,2474,186
world war ii,en,2009,12,14,159071269,2471,187
2009,ja,2009,12,14,51824682,2470,188
nelson mandela,en,2009,12,14,165847575,2470,188
lolita,en,2009,12,14,58879492,2450,189
special,zh,2009,12,14,2092529,2445,190
joe mcelderry,en,2009,12,14,49541458,2427,191
united kingdom,en,2009,12,14,348945740,2404,192
"",zh.s,2009,12,14,1729131,2401,193
global warming,en,2009,12,14,154592575,2388,194
toiminnot satunnainen sivu,fi,2009,12,14,1129297,2370,195
"",ru.q,2009,12,14,2058400,2353,196
sirenomelia,en,2009,12,14,32700149,2344,197
av,ja,2009,12,14,89450041,2344,197
justin bieber,en,2009,12,14,32556607,2302,198
modern warfare 2,en,2009,12,14,53612509,2297,199
2012 film,en,2009,12,14,32548284,2291,200
